,count,mean,std,min,25%,50%,75%,max,skewness,kurtosis
age,2000.0,33.4615,7.970463091373391,19.0,27.0,32.0,38.0,65.0,0.8374904872985794,0.7413913272773427
is_smoking,2000.0,0.1955,0.3966842941365429,0.0,0.0,0.0,0.0,1.0,1.5367626564004466,0.36200046224954585
alcohol_use,2000.0,0.4445,0.497034477310999,0.0,0.0,0.0,1.0,1.0,0.2235480961245026,-1.951979229425765
is_exercise,2000.0,0.4555,0.4981403636636521,0.0,0.0,0.0,1.0,1.0,0.17884334534521407,-1.9699860453573268
bmi,2000.0,22.7397,3.5472912972821793,16.0,20.2,22.7,25.2,35.2,0.12431518872193048,-0.38184172917459014
monthly_income_usd,2000.0,182.718,83.86907348208499,55.0,122.75,168.5,227.0,604.0,1.097089311087294,1.8671084653648817
health_score,2000.0,83.9976,8.91036876766545,47.6,78.3,85.0,91.7,95.0,-0.7041510540484988,0.11488825261237245
has_family_history,2000.0,0.137,0.34393334393823505,0.0,0.0,0.0,0.0,1.0,2.112987122461832,2.4671807611841716
mortality_multiplier,2000.0,1.796105,0.4203741621378466,0.99,1.47,1.75,2.06,3.88,0.6719153597230724,0.3939550486994694
n_conditions,2000.0,0.478,0.6882970844324557,0.0,0.0,0.0,1.0,4.0,1.3967181079837878,1.8294238201542532
